{"stats":{"minecraft:custom":{"minecraft:time_since_rest":11534,"minecraft:sprint_one_cm":12269,"minecraft:walk_one_cm":7746,"minecraft:mob_kills":2,"minecraft:drop":7,"minecraft:damage_dealt":213,"minecraft:fly_one_cm":325836,"minecraft:open_chest":4,"minecraft:crouch_one_cm":710,"minecraft:play_one_minute":11534,"minecraft:sneak_time":347,"minecraft:jump":163,"minecraft:walk_on_water_one_cm":486,"minecraft:time_since_death":11534,"minecraft:climb_one_cm":12558,"minecraft:fall_one_cm":6180},"minecraft:used":{"minecraft:dark_oak_planks":16,"minecraft:oak_planks":18,"endrem:empty_frame":1,"minecraft:dirt":1,"inventorypets:rock_candy":1,"endrem:old_pearl":740,"undergarden:forgotten_sword":2},"minecraft:picked_up":{"minecraft:stick":2,"endrem:old_pearl":2,"minecraft:red_mushroom":4,"minecraft:oak_log":6,"minecraft:dark_oak_log":1,"minecraft:dirt":1,"minecraft:oak_sapling":2,"minecraft:oak_planks":1,"minecraft:mutton":4,"minecraft:white_wool":1},"minecraft:dropped":{"minecraft:oak_sapling":2,"inventorypets:pet_magma_cube":1,"inventorypets:pet_spider":1,"minecraft:red_mushroom":4},"minecraft:mined":{"minecraft:dark_oak_leaves":2,"minecraft:dark_oak_log":1,"treechop:chopped_log":4,"minecraft:grass":1,"minecraft:grass_block":1,"minecraft:oak_log":6,"minecraft:tall_grass":1,"minecraft:red_mushroom_block":16,"minecraft:oak_planks":1,"minecraft:oak_leaves":49},"minecraft:crafted":{"minecraft:oak_planks":24,"minecraft:crafting_table":1,"minecraft:stick":4,"minecraft:dark_oak_planks":4},"minecraft:killed":{"minecraft:sheep":2}},"DataVersion":2586}