{"stats":{"minecraft:killed":{"alexsmobs:fly":1,"minecraft:zombie":38},"minecraft:killed_by":{"minecraft:drowned":1},"minecraft:dropped":{"minecraft:spruce_leaves":1,"minecraft:rotten_flesh":14,"minecraft:potato":1,"alexsmobs:maggot":2},"minecraft:custom":{"minecraft:crouch_one_cm":701,"minecraft:time_since_rest":4837,"minecraft:sneak_time":147,"minecraft:play_one_minute":11380,"minecraft:damage_absorbed":393,"minecraft:sprint_one_cm":18345,"minecraft:damage_taken":496,"minecraft:deaths":1,"minecraft:walk_one_cm":17002,"minecraft:walk_under_water_one_cm":9462,"minecraft:mob_kills":42,"minecraft:drop":4,"minecraft:jump":202,"minecraft:aviate_one_cm":72171,"minecraft:damage_dealt":1298,"minecraft:leave_game":1,"minecraft:walk_on_water_one_cm":3599,"minecraft:time_since_death":4619,"minecraft:damage_resisted":211,"minecraft:swim_one_cm":9313,"minecraft:fall_one_cm":5950,"minecraft:fly_one_cm":69286},"minecraft:picked_up":{"minecraft:sweet_berries":2,"minecraft:rotten_flesh":14,"minecraft:potato":1,"alexsmobs:maggot":4,"minecraft:dirt":3,"minecraft:spruce_leaves":1},"minecraft:mined":{"minecraft:grass":3,"minecraft:grass_block":1,"minecraft:dirt":1,"minecraft:sweet_berry_bush":1,"minecraft:spruce_log":1,"minecraft:grass_path":1},"minecraft:used":{"minecraft:dirt":3,"minecraft:zombie_spawn_egg":61,"minecraft:enchanted_golden_apple":3,"minecraft:spruce_leaves":7}},"DataVersion":2586}