{"stats":{"minecraft:custom":{"minecraft:interact_with_smithing_table":1,"minecraft:interact_with_furnace":1,"minecraft:mob_kills":32,"minecraft:interact_with_crafting_table":4,"minecraft:play_one_minute":27210,"minecraft:time_since_death":3333,"minecraft:sleep_in_bed":1,"minecraft:climb_one_cm":551,"minecraft:damage_resisted":20000552,"minecraft:time_since_rest":3436,"minecraft:sprint_one_cm":148805,"minecraft:damage_absorbed":1313,"minecraft:damage_taken":80001831,"minecraft:walk_one_cm":186830,"minecraft:drop":42,"minecraft:damage_dealt":4873,"minecraft:swim_one_cm":3421,"minecraft:talked_to_villager":1,"minecraft:fly_one_cm":142906,"minecraft:open_chest":2,"minecraft:crouch_one_cm":395,"minecraft:deaths":3,"minecraft:sneak_time":147,"minecraft:walk_under_water_one_cm":110,"minecraft:jump":593,"minecraft:walk_on_water_one_cm":1701,"minecraft:fall_one_cm":10184},"minecraft:used":{"alexsmobs:spawn_egg_soul_vulture":1,"minecraft:oak_fence":1,"alexsmobs:spawn_egg_warped_toad":1,"minecraft:stone_pickaxe":45,"minecraft:oak_planks":4,"alexsmobs:spawn_egg_tiger":1,"iceandfire:dragonbone_sword_ice":39,"minecraft:wooden_pickaxe":7,"minecraft:sandstone":3,"minecraft:torch":2,"alexsmobs:spawn_egg_capuchin_monkey":1,"minecraft:crafting_table":4,"aquamirae:golden_moth_spawn_egg":1,"minecraft:oak_log":1,"alexsmobs:spawn_egg_mungus":1,"minecraft:wooden_axe":12,"minecraft:apple":3,"iceandfire:dragonbone_bow":22,"alexsmobs:spawn_egg_grizzly_bear":1,"minecraft:bread":4,"aquamirae:anglerfish_spawn_egg":1,"alexsmobs:spawn_egg_snow_leopard":1,"cataclysm:netherite_monstrosity_spawn_egg":1,"minecraft:stone_axe":28,"alexsmobs:spawn_egg_endergrade":1,"minecraft:furnace":1,"minecraft:enchanted_golden_apple":9},"minecraft:killed":{"minecraft:husk":4,"alexsmobs:grizzly_bear":1,"alexsmobs:tarantula_hawk":1,"alexsmobs:tiger":1,"minecraft:rabbit":1,"alexsmobs:seal":1,"minecraft:spider":2,"alexsmobs:snow_leopard":1,"wyrmroost:roost_stalker":2,"alexsmobs:seagull":1,"minecraft:creeper":1,"alexsmobs:endergrade":1,"minecraft:skeleton":2,"evolved_rpg:desert_golem":4,"evolved_rpg:driedone":2,"evolved_rpg:scorpion":6,"alexsmobs:soul_vulture":1},"minecraft:killed_by":{"minecraft:creeper":1,"alexsmobs:tiger":1},"minecraft:crafted":{"minecraft:oak_planks":20,"minecraft:crafting_table":1,"minecraft:wooden_pickaxe":1,"minecraft:furnace":1,"minecraft:stone_axe":1,"minecraft:stick":4,"minecraft:stone_pickaxe":1,"minecraft:wooden_axe":1,"minecraft:torch":8},"minecraft:dropped":{"minecraft:iron_ingot":2,"minecraft:furnace":2,"minecraft:wheat_seeds":2,"alexsmobs:spawn_egg_tiger":1,"mysticalworld:aubergine_seeds":1,"evolved_rpg:scorpion_claw_item":1,"minecraft:oak_fence":1,"minecraft:rotten_flesh":4,"minecraft:cobblestone":24,"paraglider:goddess_statue":2,"minecraft:apple":31,"aquaculture:starshell_turtle":2,"minecraft:coal":29,"minecraft:emerald":2,"minecraft:ink_sac":1,"minecraft:wooden_axe":2,"iceandfire:dragonbone_arrow":64,"minecraft:oak_sapling":12,"minecraft:gold_nugget":6,"minecraft:spider_eye":2,"alexsmobs:spawn_egg_soul_vulture":1,"minecraft:iron_ore":12,"alexsmobs:spawn_egg_mungus":1,"alexsmobs:spawn_egg_snow_leopard":1,"minecraft:string":6},"minecraft:mined":{"minecraft:jungle_leaves":1,"minecraft:oak_fence":1,"minecraft:crafting_table":4,"minecraft:furnace":1,"minecraft:iron_ore":7,"byg:short_grass":1,"wyrmroost:platinum_ore":5,"treechop:chopped_log":3,"minecraft:grass":5,"minecraft:oak_log":6,"minecraft:coal_ore":16,"minecraft:sand":2,"minecraft:stone":21,"minecraft:oak_leaves":71,"minecraft:fern":1,"paraglider:goddess_statue":1},"minecraft:picked_up":{"minecraft:wooden_axe":3,"minecraft:crafting_table":4,"minecraft:feather":2,"minecraft:leather":1,"minecraft:potato":1,"wyrmroost:platinum_ore":5,"alexsmobs:spawn_egg_snow_leopard":1,"minecraft:oak_log":6,"minecraft:gunpowder":1,"aquaculture:starshell_turtle":1,"paraglider:goddess_statue":2,"minecraft:string":6,"minecraft:bone":9,"minecraft:apple":17,"minecraft:bow":1,"evolved_rpg:brimstone_shard":2,"minecraft:gold_nugget":6,"minecraft:wheat_seeds":2,"minecraft:rabbit_hide":1,"minecraft:iron_ingot":2,"minecraft:iron_ore":19,"alexsmobs:spawn_egg_tiger":1,"evolved_rpg:scorpion_claw_item":1,"minecraft:furnace":2,"iceandfire:dragonbone":22,"minecraft:stick":6,"minecraft:sandstone":3,"minecraft:oak_fence":2,"iceandfire:dragon_skull_fire":1,"evolved_rpg:scorpion_chitin":7,"minecraft:sand":1,"minecraft:ink_sac":1,"minecraft:carrot":1,"alexsmobs:spawn_egg_mungus":1,"minecraft:spider_eye":2,"alexsmobs:spawn_egg_soul_vulture":1,"wyrmroost:raw_lowtier_meat":1,"minecraft:arrow":7,"minecraft:rotten_flesh":6,"mysticalworld:aubergine_seeds":1,"minecraft:emerald":1,"evolved_rpg:scorpion_stionger":1,"minecraft:oak_sapling":18,"minecraft:coal":31,"minecraft:cobblestone":38}},"DataVersion":2586}