{"stats":{"minecraft:custom":{"minecraft:interact_with_smithing_table":1,"minecraft:interact_with_furnace":1,"minecraft:mob_kills":13,"minecraft:interact_with_crafting_table":4,"minecraft:play_one_minute":15210,"minecraft:time_since_death":7436,"minecraft:sleep_in_bed":1,"minecraft:climb_one_cm":551,"minecraft:time_since_rest":7466,"minecraft:sprint_one_cm":41148,"minecraft:damage_taken":595,"minecraft:walk_one_cm":43786,"minecraft:drop":18,"minecraft:damage_dealt":2324,"minecraft:talked_to_villager":1,"minecraft:fly_one_cm":67961,"minecraft:open_chest":2,"minecraft:crouch_one_cm":310,"minecraft:deaths":1,"minecraft:sneak_time":118,"minecraft:jump":278,"minecraft:walk_on_water_one_cm":750,"minecraft:fall_one_cm":6096},"minecraft:used":{"minecraft:stone_pickaxe":45,"minecraft:oak_planks":4,"minecraft:wooden_pickaxe":7,"minecraft:sandstone":2,"minecraft:torch":2,"minecraft:crafting_table":4,"aquamirae:golden_moth_spawn_egg":1,"minecraft:oak_log":1,"minecraft:wooden_axe":12,"minecraft:apple":3,"minecraft:bread":4,"aquamirae:anglerfish_spawn_egg":1,"cataclysm:netherite_monstrosity_spawn_egg":1,"minecraft:stone_axe":28,"minecraft:furnace":1},"minecraft:killed":{"minecraft:husk":2,"minecraft:rabbit":1,"alexsmobs:seal":1,"minecraft:spider":2,"wyrmroost:roost_stalker":2,"alexsmobs:seagull":1,"minecraft:skeleton":2,"evolved_rpg:desert_golem":2},"minecraft:killed_by":{"minecraft:creeper":1},"minecraft:crafted":{"minecraft:oak_planks":20,"minecraft:crafting_table":1,"minecraft:wooden_pickaxe":1,"minecraft:furnace":1,"minecraft:stone_axe":1,"minecraft:stick":4,"minecraft:stone_pickaxe":1,"minecraft:wooden_axe":1,"minecraft:torch":8},"minecraft:dropped":{"minecraft:iron_ingot":1,"minecraft:furnace":1,"minecraft:wheat_seeds":1,"mysticalworld:aubergine_seeds":1,"minecraft:oak_fence":1,"minecraft:cobblestone":12,"paraglider:goddess_statue":1,"minecraft:apple":16,"aquaculture:starshell_turtle":1,"minecraft:coal":14,"minecraft:emerald":1,"minecraft:wooden_axe":1,"minecraft:oak_sapling":6,"minecraft:gold_nugget":3,"minecraft:spider_eye":1,"minecraft:iron_ore":6,"minecraft:string":3},"minecraft:mined":{"minecraft:jungle_leaves":1,"minecraft:oak_fence":1,"minecraft:crafting_table":4,"minecraft:furnace":1,"minecraft:iron_ore":7,"byg:short_grass":1,"wyrmroost:platinum_ore":5,"treechop:chopped_log":3,"minecraft:grass":5,"minecraft:oak_log":6,"minecraft:coal_ore":16,"minecraft:sand":1,"minecraft:stone":21,"minecraft:oak_leaves":71,"minecraft:fern":1,"paraglider:goddess_statue":1},"minecraft:picked_up":{"minecraft:wooden_axe":2,"minecraft:crafting_table":4,"minecraft:feather":2,"wyrmroost:platinum_ore":5,"minecraft:oak_log":6,"paraglider:goddess_statue":1,"minecraft:string":3,"minecraft:bone":3,"minecraft:apple":2,"minecraft:gold_nugget":3,"minecraft:wheat_seeds":1,"minecraft:rabbit_hide":1,"minecraft:iron_ingot":1,"minecraft:iron_ore":13,"minecraft:furnace":1,"minecraft:stick":6,"minecraft:sandstone":2,"minecraft:oak_fence":1,"minecraft:spider_eye":1,"wyrmroost:raw_lowtier_meat":1,"minecraft:arrow":6,"minecraft:rotten_flesh":4,"mysticalworld:aubergine_seeds":1,"minecraft:oak_sapling":12,"minecraft:coal":16,"minecraft:cobblestone":26}},"DataVersion":2586}