{"stats":{"minecraft:custom":{"minecraft:time_since_rest":4663,"minecraft:sprint_one_cm":23035,"minecraft:damage_taken":265,"minecraft:walk_one_cm":22052,"minecraft:mob_kills":11,"minecraft:drop":3,"minecraft:damage_dealt":890,"minecraft:swim_one_cm":5637,"minecraft:interact_with_crafting_table":4,"minecraft:fly_one_cm":41812,"minecraft:crouch_one_cm":298,"minecraft:play_time":11094,"minecraft:deaths":1,"minecraft:sneak_time":69,"minecraft:walk_under_water_one_cm":131,"minecraft:jump":213,"minecraft:time_since_death":4635,"minecraft:walk_on_water_one_cm":513,"minecraft:climb_one_cm":449,"minecraft:total_world_time":11094,"minecraft:fall_one_cm":4547},"minecraft:crafted":{"minecraft:oak_planks":16,"minecraft:crafting_table":1,"minecraft:stick":8,"minecraft:wooden_pickaxe":1,"minecraft:stone_pickaxe":1,"minecraft:furnace":1,"minecraft:stone_axe":1},"minecraft:mined":{"minecraft:mangrove_leaves":1,"minecraft:crafting_table":2,"minecraft:grass":5,"minecraft:acacia_log":4,"minecraft:oak_log":4,"minecraft:stone":38},"minecraft:killed":{"minecraft:sheep":2,"minecraft:zombie":1,"minecraft:pig":4,"minecraft:spider":1,"minecraft:cow":3},"minecraft:killed_by":{"minecraft:spider":1},"minecraft:used":{"minecraft:zombie_horse_spawn_egg":8,"minecraft:trident":4,"minecraft:grass_block":28,"minecraft:stone_pickaxe":26,"minecraft:wooden_pickaxe":16,"minecraft:zombie_spawn_egg":70,"minecraft:stone_axe":17,"minecraft:cobblestone":3,"minecraft:bow":8,"minecraft:crafting_table":3},"minecraft:dropped":{"minecraft:stone_axe":1,"minecraft:wooden_pickaxe":2},"minecraft:picked_up":{"minecraft:crafting_table":2,"minecraft:leather":2,"minecraft:acacia_log":4,"minecraft:wooden_pickaxe":1,"minecraft:porkchop":11,"minecraft:oak_log":4,"minecraft:beef":3,"minecraft:mutton":2,"minecraft:mangrove_propagule":1,"minecraft:white_wool":1,"minecraft:cobblestone":38}},"DataVersion":3465}