{
  "minecraft:recipes/food/cooked_mutton_from_campfire_cooking": {
    "criteria": {
      "has_mutton": "2024-07-09 18:47:57 +0000"
    },
    "done": true
  },
  "minecraft:recipes/building_blocks/purple_wool": {
    "criteria": {
      "has_white_wool": "2024-07-09 18:47:54 +0000"
    },
    "done": true
  },
  "mcwfurnitures:recipes/dark_oak/dark_oak_plant_pot_left": {
    "criteria": {
      "has_planks": "2024-07-09 18:45:03 +0000"
    },
    "done": true
  },
  "mcwfurnitures:recipes/dark_oak/dark_oak_dresser_5": {
    "criteria": {
      "has_planks": "2024-07-09 18:45:03 +0000"
    },
    "done": true
  },
  "minecraft:recipes/combat/iron_sword": {
    "criteria": {
      "has_iron_ingot": "2024-07-09 18:46:11 +0000"
    },
    "done": true
  },
  "mcwfurnitures:recipes/dark_oak/dark_oak_dresser_6": {
    "criteria": {
      "has_planks": "2024-07-09 18:45:03 +0000"
    },
    "done": true
  },
  "mcwfurnitures:recipes/dark_oak/dark_oak_dresser_3": {
    "criteria": {
      "has_planks": "2024-07-09 18:45:03 +0000"
    },
    "done": true
  },
  "mcwfurnitures:recipes/dark_oak/dark_oak_dresser_4": {
    "criteria": {
      "has_planks": "2024-07-09 18:45:03 +0000"
    },
    "done": true
  },
  "biomesoplenty:recipes/transportation/willow_boat": {
    "criteria": {
      "in_water": "2024-07-09 18:43:46 +0000"
    },
    "done": true
  },
  "minecraft:recipes/decorations/white_bed": {
    "criteria": {
      "has_white_wool": "2024-07-09 18:47:54 +0000"
    },
    "done": true
  },
  "undergarden:undergarden/forgotten_tools": {
    "criteria": {
      "has_sword": "2024-07-09 18:47:53 +0000"
    },
    "done": false
  },
  "minecraft:recipes/tools/iron_pickaxe": {
    "criteria": {
      "has_iron_ingot": "2024-07-09 18:46:11 +0000"
    },
    "done": true
  },
  "minecraft:recipes/decorations/crafting_table": {
    "criteria": {
      "has_planks": "2024-07-09 18:45:05 +0000"
    },
    "done": true
  },
  "minecraft:recipes/building_blocks/magenta_wool": {
    "criteria": {
      "has_white_wool": "2024-07-09 18:47:54 +0000"
    },
    "done": true
  },
  "minecraft:recipes/decorations/campfire": {
    "criteria": {
      "has_stick": "2024-07-09 18:44:49 +0000"
    },
    "done": true
  },
  "mcwfurnitures:recipes/dark_oak/dark_oak_desk_right": {
    "criteria": {
      "has_planks": "2024-07-09 18:45:03 +0000"
    },
    "done": true
  },
  "biomesoplenty:recipes/transportation/mahogany_boat": {
    "criteria": {
      "in_water": "2024-07-09 18:43:46 +0000"
    },
    "done": true
  },
  "minecraft:recipes/decorations/ladder": {
    "criteria": {
      "has_stick": "2024-07-09 18:44:49 +0000"
    },
    "done": true
  },
  "minecraft:recipes/misc/iron_nugget": {
    "criteria": {
      "has_iron_ingot": "2024-07-09 18:46:11 +0000"
    },
    "done": true
  },
  "minecraft:recipes/building_blocks/dark_oak_slab": {
    "criteria": {
      "has_planks": "2024-07-09 18:45:11 +0000"
    },
    "done": true
  },
  "minecraft:recipes/decorations/chest": {
    "criteria": {
      "has_lots_of_items": "2024-07-09 18:47:54 +0000"
    },
    "done": true
  },
  "minecraft:recipes/tools/wooden_shovel": {
    "criteria": {
      "has_stick": "2024-07-09 18:44:49 +0000"
    },
    "done": true
  },
  "minecraft:recipes/redstone/dark_oak_button": {
    "criteria": {
      "has_planks": "2024-07-09 18:45:11 +0000"
    },
    "done": true
  },
  "minecraft:recipes/building_blocks/cyan_wool": {
    "criteria": {
      "has_white_wool": "2024-07-09 18:47:54 +0000"
    },
    "done": true
  },
  "minecraft:recipes/tools/shears": {
    "criteria": {
      "has_iron_ingot": "2024-07-09 18:46:11 +0000"
    },
    "done": true
  },
  "biomesoplenty:recipes/transportation/dead_boat": {
    "criteria": {
      "in_water": "2024-07-09 18:43:46 +0000"
    },
    "done": true
  },
  "minecraft:recipes/misc/stick": {
    "criteria": {
      "has_planks": "2024-07-09 18:45:05 +0000"
    },
    "done": true
  },
  "minecraft:recipes/transportation/spruce_boat": {
    "criteria": {
      "in_water": "2024-07-09 18:43:46 +0000"
    },
    "done": true
  },
  "mcwfurnitures:recipes/dark_oak/dark_oak_dresser_12": {
    "criteria": {
      "has_planks": "2024-07-09 18:45:03 +0000"
    },
    "done": true
  },
  "mcwfurnitures:recipes/dark_oak/dark_oak_dresser_13": {
    "criteria": {
      "has_planks": "2024-07-09 18:45:03 +0000"
    },
    "done": true
  },
  "mcwfurnitures:recipes/dark_oak/dark_oak_dresser_14": {
    "criteria": {
      "has_planks": "2024-07-09 18:45:03 +0000"
    },
    "done": true
  },
  "mcwfurnitures:recipes/dark_oak/dark_oak_double_desk_right": {
    "criteria": {
      "has_planks": "2024-07-09 18:45:03 +0000"
    },
    "done": true
  },
  "inventorypets:chicken": {
    "criteria": {
      "crafting_table": "2024-07-09 18:51:03 +0000"
    },
    "done": true
  },
  "mcwfurnitures:recipes/dark_oak/dark_oak_dresser_11": {
    "criteria": {
      "has_planks": "2024-07-09 18:45:03 +0000"
    },
    "done": true
  },
  "minecraft:recipes/food/mushroom_stew": {
    "criteria": {
      "has_red_mushroom": "2024-07-09 18:45:03 +0000"
    },
    "done": true
  },
  "minecraft:recipes/building_blocks/gray_wool": {
    "criteria": {
      "has_white_wool": "2024-07-09 18:47:54 +0000"
    },
    "done": true
  },
  "minecraft:recipes/building_blocks/dark_oak_planks": {
    "criteria": {
      "has_log": "2024-07-09 18:45:03 +0000"
    },
    "done": true
  },
  "minecraft:recipes/combat/iron_leggings": {
    "criteria": {
      "has_iron_ingot": "2024-07-09 18:46:11 +0000"
    },
    "done": true
  },
  "mcwfurnitures:recipes/oak/oak_cupboard_6": {
    "criteria": {
      "has_planks": "2024-07-09 18:44:32 +0000"
    },
    "done": true
  },
  "mcwfurnitures:recipes/oak/oak_cupboard_5": {
    "criteria": {
      "has_planks": "2024-07-09 18:44:32 +0000"
    },
    "done": true
  },
  "minecraft:recipes/redstone/dark_oak_door": {
    "criteria": {
      "has_planks": "2024-07-09 18:45:11 +0000"
    },
    "done": true
  },
  "mcwfurnitures:recipes/oak/oak_cupboard_9": {
    "criteria": {
      "has_planks": "2024-07-09 18:44:32 +0000"
    },
    "done": true
  },
  "minecraft:recipes/tools/wooden_hoe": {
    "criteria": {
      "has_stick": "2024-07-09 18:44:49 +0000"
    },
    "done": true
  },
  "mcwfurnitures:recipes/oak/oak_pult": {
    "criteria": {
      "has_planks": "2024-07-09 18:44:32 +0000"
    },
    "done": true
  },
  "mcwfurnitures:recipes/oak/oak_cupboard_8": {
    "criteria": {
      "has_planks": "2024-07-09 18:44:32 +0000"
    },
    "done": true
  },
  "minecraft:recipes/combat/shield": {
    "criteria": {
      "has_iron_ingot": "2024-07-09 18:46:11 +0000"
    },
    "done": true
  },
  "mcwfurnitures:recipes/oak/oak_cupboard_7": {
    "criteria": {
      "has_planks": "2024-07-09 18:44:32 +0000"
    },
    "done": true
  },
  "minecraft:recipes/misc/bucket": {
    "criteria": {
      "has_iron_ingot": "2024-07-09 18:46:11 +0000"
    },
    "done": true
  },
  "minecraft:recipes/redstone/hopper": {
    "criteria": {
      "has_iron_ingot": "2024-07-09 18:46:11 +0000"
    },
    "done": true
  },
  "mcwfurnitures:recipes/dark_oak/dark_oak_modern_desk_right": {
    "criteria": {
      "has_planks": "2024-07-09 18:45:03 +0000"
    },
    "done": true
  },
  "mcwfurnitures:recipes/oak/oak_pult_4": {
    "criteria": {
      "has_planks": "2024-07-09 18:44:32 +0000"
    },
    "done": true
  },
  "biomesoplenty:recipes/transportation/magic_boat": {
    "criteria": {
      "in_water": "2024-07-09 18:43:46 +0000"
    },
    "done": true
  },
  "mcwfurnitures:recipes/oak/oak_pult_3": {
    "criteria": {
      "has_planks": "2024-07-09 18:44:32 +0000"
    },
    "done": true
  },
  "mcwfurnitures:recipes/oak/oak_pult_2": {
    "criteria": {
      "has_planks": "2024-07-09 18:44:32 +0000"
    },
    "done": true
  },
  "mcwfurnitures:recipes/oak/oak_pult_1": {
    "criteria": {
      "has_planks": "2024-07-09 18:44:32 +0000"
    },
    "done": true
  },
  "mcwfurnitures:recipes/dark_oak/dark_oak_furniture_3": {
    "criteria": {
      "has_planks": "2024-07-09 18:45:03 +0000"
    },
    "done": true
  },
  "minecraft:recipes/decorations/white_banner": {
    "criteria": {
      "has_white_wool": "2024-07-09 18:47:54 +0000"
    },
    "done": true
  },
  "mcwfurnitures:recipes/dark_oak/dark_oak_furniture_4": {
    "criteria": {
      "has_planks": "2024-07-09 18:45:03 +0000"
    },
    "done": true
  },
  "mcwfurnitures:recipes/dark_oak/dark_oak_furniture_1": {
    "criteria": {
      "has_planks": "2024-07-09 18:45:03 +0000"
    },
    "done": true
  },
  "mcwfurnitures:recipes/dark_oak/dark_oak_furniture_2": {
    "criteria": {
      "has_planks": "2024-07-09 18:45:03 +0000"
    },
    "done": true
  },
  "mcwfurnitures:recipes/dark_oak/dark_oak_furniture_7": {
    "criteria": {
      "has_planks": "2024-07-09 18:45:03 +0000"
    },
    "done": true
  },
  "mcwfurnitures:recipes/oak/oak_desk_right": {
    "criteria": {
      "has_planks": "2024-07-09 18:44:32 +0000"
    },
    "done": true
  },
  "biomesoplenty:recipes/transportation/cherry_boat": {
    "criteria": {
      "in_water": "2024-07-09 18:43:46 +0000"
    },
    "done": true
  },
  "mcwfurnitures:recipes/dark_oak/dark_oak_furniture_6": {
    "criteria": {
      "has_planks": "2024-07-09 18:45:03 +0000"
    },
    "done": true
  },
  "biomesoplenty:recipes/transportation/fir_boat": {
    "criteria": {
      "in_water": "2024-07-09 18:43:46 +0000"
    },
    "done": true
  },
  "mcwfurnitures:recipes/dark_oak/dark_oak_striped_chair": {
    "criteria": {
      "has_planks": "2024-07-09 18:45:03 +0000"
    },
    "done": true
  },
  "mcwfurnitures:recipes/dark_oak/dark_oak_pult": {
    "criteria": {
      "has_planks": "2024-07-09 18:45:03 +0000"
    },
    "done": true
  },
  "minecraft:recipes/combat/iron_helmet": {
    "criteria": {
      "has_iron_ingot": "2024-07-09 18:46:11 +0000"
    },
    "done": true
  },
  "mcwfurnitures:recipes/oak/oak_stool_chair": {
    "criteria": {
      "has_planks": "2024-07-09 18:44:32 +0000"
    },
    "done": true
  },
  "minecraft:recipes/redstone/oak_fence_gate": {
    "criteria": {
      "has_planks": "2024-07-09 18:45:05 +0000"
    },
    "done": true
  },
  "mcwfurnitures:recipes/oak/oak_dresser_11": {
    "criteria": {
      "has_planks": "2024-07-09 18:44:32 +0000"
    },
    "done": true
  },
  "minecraft:recipes/decorations/iron_bars": {
    "criteria": {
      "has_iron_ingot": "2024-07-09 18:46:11 +0000"
    },
    "done": true
  },
  "minecraft:recipes/building_blocks/blue_wool": {
    "criteria": {
      "has_white_wool": "2024-07-09 18:47:54 +0000"
    },
    "done": true
  },
  "mcwfurnitures:recipes/dark_oak/dark_oak_modern_desk_left": {
    "criteria": {
      "has_planks": "2024-07-09 18:45:03 +0000"
    },
    "done": true
  },
  "mcwfurnitures:recipes/oak/oak_dresser_box": {
    "criteria": {
      "has_planks": "2024-07-09 18:44:32 +0000"
    },
    "done": true
  },
  "minecraft:recipes/transportation/minecart": {
    "criteria": {
      "has_iron_ingot": "2024-07-09 18:46:11 +0000"
    },
    "done": true
  },
  "minecraft:recipes/misc/charcoal": {
    "criteria": {
      "has_log": "2024-07-09 18:44:32 +0000"
    },
    "done": true
  },
  "mcwfurnitures:recipes/oak/oak_nightstand_6": {
    "criteria": {
      "has_planks": "2024-07-09 18:44:32 +0000"
    },
    "done": true
  },
  "mcwfurnitures:recipes/oak/oak_nightstand_5": {
    "criteria": {
      "has_planks": "2024-07-09 18:44:32 +0000"
    },
    "done": true
  },
  "minecraft:recipes/building_blocks/orange_wool": {
    "criteria": {
      "has_white_wool": "2024-07-09 18:47:54 +0000"
    },
    "done": true
  },
  "mcwfurnitures:recipes/oak/oak_nightstand_8": {
    "criteria": {
      "has_planks": "2024-07-09 18:44:32 +0000"
    },
    "done": true
  },
  "minecraft:recipes/tools/iron_hoe": {
    "criteria": {
      "has_iron_ingot": "2024-07-09 18:46:11 +0000"
    },
    "done": true
  },
  "minecraft:recipes/tools/wooden_pickaxe": {
    "criteria": {
      "has_stick": "2024-07-09 18:44:49 +0000"
    },
    "done": true
  },
  "mcwfurnitures:recipes/oak/oak_nightstand_9": {
    "criteria": {
      "has_planks": "2024-07-09 18:44:32 +0000"
    },
    "done": true
  },
  "mcwfurnitures:recipes/oak/oak_covered_desk_left": {
    "criteria": {
      "has_planks": "2024-07-09 18:44:32 +0000"
    },
    "done": true
  },
  "minecraft:husbandry/root": {
    "criteria": {
      "consumed_item": "2024-07-09 18:47:25 +0000"
    },
    "done": true
  },
  "minecraft:recipes/transportation/birch_boat": {
    "criteria": {
      "in_water": "2024-07-09 18:43:46 +0000"
    },
    "done": true
  },
  "minecraft:recipes/building_blocks/oak_stairs": {
    "criteria": {
      "has_planks": "2024-07-09 18:45:05 +0000"
    },
    "done": true
  },
  "mcwfurnitures:recipes/oak/oak_nightstand_2": {
    "criteria": {
      "has_planks": "2024-07-09 18:44:32 +0000"
    },
    "done": true
  },
  "mcwfurnitures:recipes/oak/oak_nightstand_4": {
    "criteria": {
      "has_planks": "2024-07-09 18:44:32 +0000"
    },
    "done": true
  },
  "mcwfurnitures:recipes/oak/oak_nightstand_3": {
    "criteria": {
      "has_planks": "2024-07-09 18:44:32 +0000"
    },
    "done": true
  },
  "minecraft:recipes/tools/iron_shovel": {
    "criteria": {
      "has_iron_ingot": "2024-07-09 18:46:11 +0000"
    },
    "done": true
  },
  "minecraft:recipes/transportation/acacia_boat": {
    "criteria": {
      "in_water": "2024-07-09 18:43:46 +0000"
    },
    "done": true
  },
  "mcwfurnitures:recipes/oak/oak_dresser_9": {
    "criteria": {
      "has_planks": "2024-07-09 18:44:32 +0000"
    },
    "done": true
  },
  "minecraft:recipes/building_blocks/dark_oak_wood": {
    "criteria": {
      "has_log": "2024-07-09 18:45:03 +0000"
    },
    "done": true
  },
  "minecraft:recipes/redstone/iron_trapdoor": {
    "criteria": {
      "has_iron_ingot": "2024-07-09 18:46:11 +0000"
    },
    "done": true
  },
  "mcwfurnitures:recipes/oak/oak_dresser_7": {
    "criteria": {
      "has_planks": "2024-07-09 18:44:32 +0000"
    },
    "done": true
  },
  "mcwfurnitures:recipes/oak/oak_desk_left": {
    "criteria": {
      "has_planks": "2024-07-09 18:44:32 +0000"
    },
    "done": true
  },
  "mcwfurnitures:recipes/dark_oak/dark_oak_plate": {
    "criteria": {
      "has_planks": "2024-07-09 18:45:03 +0000"
    },
    "done": true
  },
  "mcwfurnitures:recipes/oak/oak_dresser_6": {
    "criteria": {
      "has_planks": "2024-07-09 18:44:32 +0000"
    },
    "done": true
  },
  "mcwfurnitures:recipes/oak/oak_dresser_5": {
    "criteria": {
      "has_planks": "2024-07-09 18:44:32 +0000"
    },
    "done": true
  },
  "mcwfurnitures:recipes/oak/oak_dresser_4": {
    "criteria": {
      "has_planks": "2024-07-09 18:44:32 +0000"
    },
    "done": true
  },
  "mcwfurnitures:recipes/oak/oak_modern_desk_right": {
    "criteria": {
      "has_planks": "2024-07-09 18:44:32 +0000"
    },
    "done": true
  },
  "mcwfurnitures:recipes/oak/oak_dresser_3": {
    "criteria": {
      "has_planks": "2024-07-09 18:44:32 +0000"
    },
    "done": true
  },
  "minecraft:adventure/root": {
    "criteria": {
      "killed_something": "2024-07-09 18:47:54 +0000"
    },
    "done": true
  },
  "minecraft:recipes/misc/bowl": {
    "criteria": {
      "has_red_mushroom": "2024-07-09 18:45:03 +0000"
    },
    "done": true
  },
  "inventorypets:magmacube": {
    "criteria": {
      "crafting_table": "2024-07-09 18:46:59 +0000"
    },
    "done": true
  },
  "mcwfurnitures:recipes/oak/oak_striped_chair": {
    "criteria": {
      "has_planks": "2024-07-09 18:44:32 +0000"
    },
    "done": true
  },
  "minecraft:recipes/building_blocks/dark_oak_stairs": {
    "criteria": {
      "has_planks": "2024-07-09 18:45:11 +0000"
    },
    "done": true
  },
  "mcwfurnitures:recipes/oak/oak_double_desk_left": {
    "criteria": {
      "has_planks": "2024-07-09 18:44:32 +0000"
    },
    "done": true
  },
  "mcwfurnitures:recipes/dark_oak/dark_oak_double_desk_left": {
    "criteria": {
      "has_planks": "2024-07-09 18:45:03 +0000"
    },
    "done": true
  },
  "minecraft:recipes/decorations/white_carpet": {
    "criteria": {
      "has_white_wool": "2024-07-09 18:47:54 +0000"
    },
    "done": true
  },
  "minecraft:recipes/decorations/dark_oak_sign": {
    "criteria": {
      "has_dark_oak_planks": "2024-07-09 18:45:11 +0000"
    },
    "done": true
  },
  "minecraft:recipes/redstone/dark_oak_fence_gate": {
    "criteria": {
      "has_planks": "2024-07-09 18:45:11 +0000"
    },
    "done": true
  },
  "mcwfurnitures:recipes/dark_oak/dark_oak_modern_chair": {
    "criteria": {
      "has_planks": "2024-07-09 18:45:03 +0000"
    },
    "done": true
  },
  "minecraft:recipes/food/cooked_mutton_from_smoking": {
    "criteria": {
      "has_mutton": "2024-07-09 18:47:57 +0000"
    },
    "done": true
  },
  "mcwfurnitures:recipes/oak/oak_plant_pot_left": {
    "criteria": {
      "has_planks": "2024-07-09 18:44:32 +0000"
    },
    "done": true
  },
  "mcwfurnitures:recipes/oak/oak_modern_desk_left": {
    "criteria": {
      "has_planks": "2024-07-09 18:44:32 +0000"
    },
    "done": true
  },
  "minecraft:recipes/decorations/chain": {
    "criteria": {
      "has_iron_ingot": "2024-07-09 18:46:11 +0000"
    },
    "done": true
  },
  "mcwfurnitures:recipes/dark_oak/dark_oak_dresser_9": {
    "criteria": {
      "has_planks": "2024-07-09 18:45:03 +0000"
    },
    "done": true
  },
  "minecraft:recipes/decorations/oak_fence": {
    "criteria": {
      "has_planks": "2024-07-09 18:45:05 +0000"
    },
    "done": true
  },
  "minecraft:recipes/transportation/oak_boat": {
    "criteria": {
      "in_water": "2024-07-09 18:43:46 +0000"
    },
    "done": true
  },
  "mcwfurnitures:recipes/dark_oak/dark_oak_nightstand_11": {
    "criteria": {
      "has_planks": "2024-07-09 18:45:03 +0000"
    },
    "done": true
  },
  "mcwfurnitures:recipes/dark_oak/dark_oak_dresser_7": {
    "criteria": {
      "has_planks": "2024-07-09 18:45:03 +0000"
    },
    "done": true
  },
  "mcwfurnitures:recipes/dark_oak/dark_oak_nightstand_10": {
    "criteria": {
      "has_planks": "2024-07-09 18:45:03 +0000"
    },
    "done": true
  },
  "mcwfurnitures:recipes/oak/oak_plate": {
    "criteria": {
      "has_planks": "2024-07-09 18:44:32 +0000"
    },
    "done": true
  },
  "minecraft:recipes/building_blocks/oak_slab": {
    "criteria": {
      "has_planks": "2024-07-09 18:45:05 +0000"
    },
    "done": true
  },
  "minecraft:recipes/tools/wooden_axe": {
    "criteria": {
      "has_stick": "2024-07-09 18:44:49 +0000"
    },
    "done": true
  },
  "mcwfurnitures:recipes/dark_oak/dark_oak_glass_desk_right": {
    "criteria": {
      "has_planks": "2024-07-09 18:45:03 +0000"
    },
    "done": true
  },
  "minecraft:recipes/building_blocks/lime_wool": {
    "criteria": {
      "has_white_wool": "2024-07-09 18:47:54 +0000"
    },
    "done": true
  },
  "minecraft:recipes/building_blocks/black_wool": {
    "criteria": {
      "has_white_wool": "2024-07-09 18:47:54 +0000"
    },
    "done": true
  },
  "biomesoplenty:recipes/transportation/umbran_boat": {
    "criteria": {
      "in_water": "2024-07-09 18:43:46 +0000"
    },
    "done": true
  },
  "mcwfurnitures:recipes/dark_oak/dark_oak_nightstand": {
    "criteria": {
      "has_planks": "2024-07-09 18:45:03 +0000"
    },
    "done": true
  },
  "mcwfurnitures:recipes/dark_oak/dark_oak_dresser": {
    "criteria": {
      "has_planks": "2024-07-09 18:45:03 +0000"
    },
    "done": true
  },
  "biomesoplenty:recipes/transportation/palm_boat": {
    "criteria": {
      "in_water": "2024-07-09 18:43:46 +0000"
    },
    "done": true
  },
  "minecraft:recipes/building_blocks/green_wool": {
    "criteria": {
      "has_white_wool": "2024-07-09 18:47:54 +0000"
    },
    "done": true
  },
  "mcwfurnitures:recipes/oak/oak_covered_desk_right": {
    "criteria": {
      "has_planks": "2024-07-09 18:44:32 +0000"
    },
    "done": true
  },
  "minecraft:recipes/building_blocks/brown_wool": {
    "criteria": {
      "has_white_wool": "2024-07-09 18:47:54 +0000"
    },
    "done": true
  },
  "mcwfurnitures:recipes/oak/oak_dresser": {
    "criteria": {
      "has_planks": "2024-07-09 18:44:32 +0000"
    },
    "done": true
  },
  "inventorypets:enderman": {
    "criteria": {
      "crafting_table": "2024-07-09 18:47:11 +0000"
    },
    "done": true
  },
  "mcwfurnitures:recipes/dark_oak/dark_oak_glass_desk_left": {
    "criteria": {
      "has_planks": "2024-07-09 18:45:03 +0000"
    },
    "done": true
  },
  "biomesoplenty:recipes/transportation/redwood_boat": {
    "criteria": {
      "in_water": "2024-07-09 18:43:46 +0000"
    },
    "done": true
  },
  "mcwfurnitures:recipes/oak/oak_furniture_7": {
    "criteria": {
      "has_planks": "2024-07-09 18:44:32 +0000"
    },
    "done": true
  },
  "mcwfurnitures:recipes/oak/oak_furniture_6": {
    "criteria": {
      "has_planks": "2024-07-09 18:44:32 +0000"
    },
    "done": true
  },
  "mcwfurnitures:recipes/dark_oak/dark_oak_box_2": {
    "criteria": {
      "has_planks": "2024-07-09 18:45:03 +0000"
    },
    "done": true
  },
  "minecraft:recipes/building_blocks/iron_block": {
    "criteria": {
      "has_iron_ingot": "2024-07-09 18:46:11 +0000"
    },
    "done": true
  },
  "minecraft:recipes/decorations/painting": {
    "criteria": {
      "has_wool": "2024-07-09 18:47:54 +0000"
    },
    "done": true
  },
  "undergarden:undergarden/root": {
    "criteria": {
      "tick": "2024-07-09 18:42:46 +0000"
    },
    "done": true
  },
  "mcwfurnitures:recipes/dark_oak/dark_oak_chair": {
    "criteria": {
      "has_planks": "2024-07-09 18:45:03 +0000"
    },
    "done": true
  },
  "minecraft:recipes/building_blocks/light_blue_wool": {
    "criteria": {
      "has_white_wool": "2024-07-09 18:47:54 +0000"
    },
    "done": true
  },
  "minecraft:recipes/combat/wooden_sword": {
    "criteria": {
      "has_stick": "2024-07-09 18:44:49 +0000"
    },
    "done": true
  },
  "minecraft:recipes/building_blocks/oak_planks": {
    "criteria": {
      "has_logs": "2024-07-09 18:44:32 +0000"
    },
    "done": true
  },
  "mcwfurnitures:recipes/dark_oak/dark_oak_stool_chair": {
    "criteria": {
      "has_planks": "2024-07-09 18:45:03 +0000"
    },
    "done": true
  },
  "mcwfurnitures:recipes/oak/oak_nightstand_10": {
    "criteria": {
      "has_planks": "2024-07-09 18:44:32 +0000"
    },
    "done": true
  },
  "mcwfurnitures:recipes/oak/oak_nightstand_11": {
    "criteria": {
      "has_planks": "2024-07-09 18:44:32 +0000"
    },
    "done": true
  },
  "mcwfurnitures:recipes/dark_oak/dark_oak_desk_left": {
    "criteria": {
      "has_planks": "2024-07-09 18:45:03 +0000"
    },
    "done": true
  },
  "minecraft:recipes/tools/iron_axe": {
    "criteria": {
      "has_iron_ingot": "2024-07-09 18:46:11 +0000"
    },
    "done": true
  },
  "mcwfurnitures:recipes/dark_oak/dark_oak_covered_desk_left": {
    "criteria": {
      "has_planks": "2024-07-09 18:45:03 +0000"
    },
    "done": true
  },
  "mcwfurnitures:recipes/dark_oak/dark_oak_covered_desk_right": {
    "criteria": {
      "has_planks": "2024-07-09 18:45:03 +0000"
    },
    "done": true
  },
  "mcwfurnitures:recipes/oak/oak_furniture_3": {
    "criteria": {
      "has_planks": "2024-07-09 18:44:32 +0000"
    },
    "done": true
  },
  "mcwfurnitures:recipes/oak/oak_furniture_4": {
    "criteria": {
      "has_planks": "2024-07-09 18:44:32 +0000"
    },
    "done": true
  },
  "mcwfurnitures:recipes/oak/oak_furniture_1": {
    "criteria": {
      "has_planks": "2024-07-09 18:44:32 +0000"
    },
    "done": true
  },
  "mcwfurnitures:recipes/oak/oak_furniture_2": {
    "criteria": {
      "has_planks": "2024-07-09 18:44:32 +0000"
    },
    "done": true
  },
  "endrem:main/old_pearl": {
    "criteria": {
      "old_pearl": "2024-07-09 18:46:45 +0000"
    },
    "done": true
  },
  "minecraft:recipes/redstone/oak_pressure_plate": {
    "criteria": {
      "has_planks": "2024-07-09 18:45:05 +0000"
    },
    "done": true
  },
  "minecraft:recipes/combat/iron_boots": {
    "criteria": {
      "has_iron_ingot": "2024-07-09 18:46:11 +0000"
    },
    "done": true
  },
  "mcwfurnitures:recipes/dark_oak/dark_oak_nightstand_4": {
    "criteria": {
      "has_planks": "2024-07-09 18:45:03 +0000"
    },
    "done": true
  },
  "mcwfurnitures:recipes/dark_oak/dark_oak_nightstand_3": {
    "criteria": {
      "has_planks": "2024-07-09 18:45:03 +0000"
    },
    "done": true
  },
  "mcwfurnitures:recipes/dark_oak/dark_oak_nightstand_2": {
    "criteria": {
      "has_planks": "2024-07-09 18:45:03 +0000"
    },
    "done": true
  },
  "mcwfurnitures:recipes/dark_oak/dark_oak_nightstand_8": {
    "criteria": {
      "has_planks": "2024-07-09 18:45:03 +0000"
    },
    "done": true
  },
  "minecraft:recipes/building_blocks/oak_wood": {
    "criteria": {
      "has_log": "2024-07-09 18:44:32 +0000"
    },
    "done": true
  },
  "mcwfurnitures:recipes/dark_oak/dark_oak_nightstand_6": {
    "criteria": {
      "has_planks": "2024-07-09 18:45:03 +0000"
    },
    "done": true
  },
  "mcwfurnitures:recipes/dark_oak/dark_oak_nightstand_5": {
    "criteria": {
      "has_planks": "2024-07-09 18:45:03 +0000"
    },
    "done": true
  },
  "minecraft:story/root": {
    "criteria": {
      "crafting_table": "2024-07-09 18:45:08 +0000"
    },
    "done": true
  },
  "minecraft:recipes/combat/iron_chestplate": {
    "criteria": {
      "has_iron_ingot": "2024-07-09 18:46:11 +0000"
    },
    "done": true
  },
  "minecraft:recipes/combat/crossbow": {
    "criteria": {
      "has_stick": "2024-07-09 18:44:49 +0000"
    },
    "done": true
  },
  "mcwfurnitures:recipes/dark_oak/dark_oak_nightstand_9": {
    "criteria": {
      "has_planks": "2024-07-09 18:45:03 +0000"
    },
    "done": true
  },
  "mcwfurnitures:recipes/oak/oak_double_desk_right": {
    "criteria": {
      "has_planks": "2024-07-09 18:44:32 +0000"
    },
    "done": true
  },
  "minecraft:recipes/building_blocks/yellow_wool": {
    "criteria": {
      "has_white_wool": "2024-07-09 18:47:54 +0000"
    },
    "done": true
  },
  "mcwfurnitures:recipes/dark_oak/dark_oak_cupboard_9": {
    "criteria": {
      "has_planks": "2024-07-09 18:45:03 +0000"
    },
    "done": true
  },
  "minecraft:recipes/redstone/dark_oak_trapdoor": {
    "criteria": {
      "has_planks": "2024-07-09 18:45:11 +0000"
    },
    "done": true
  },
  "mcwfurnitures:recipes/dark_oak/dark_oak_cupboard_8": {
    "criteria": {
      "has_planks": "2024-07-09 18:45:03 +0000"
    },
    "done": true
  },
  "inventorypets:root": {
    "criteria": {
      "auto": "2024-07-09 18:42:46 +0000"
    },
    "done": true
  },
  "minecraft:recipes/decorations/oak_sign": {
    "criteria": {
      "has_oak_planks": "2024-07-09 18:45:05 +0000"
    },
    "done": true
  },
  "mcwfurnitures:recipes/dark_oak/dark_oak_cupboard_7": {
    "criteria": {
      "has_planks": "2024-07-09 18:45:03 +0000"
    },
    "done": true
  },
  "minecraft:recipes/redstone/oak_trapdoor": {
    "criteria": {
      "has_planks": "2024-07-09 18:45:05 +0000"
    },
    "done": true
  },
  "mcwfurnitures:recipes/oak/oak_dresser_12": {
    "criteria": {
      "has_planks": "2024-07-09 18:44:32 +0000"
    },
    "done": true
  },
  "mcwfurnitures:recipes/dark_oak/dark_oak_cupboard_6": {
    "criteria": {
      "has_planks": "2024-07-09 18:45:03 +0000"
    },
    "done": true
  },
  "mcwfurnitures:recipes/oak/oak_dresser_13": {
    "criteria": {
      "has_planks": "2024-07-09 18:44:32 +0000"
    },
    "done": true
  },
  "mcwfurnitures:recipes/dark_oak/dark_oak_cupboard_5": {
    "criteria": {
      "has_planks": "2024-07-09 18:45:03 +0000"
    },
    "done": true
  },
  "mcwfurnitures:recipes/oak/oak_dresser_14": {
    "criteria": {
      "has_planks": "2024-07-09 18:44:32 +0000"
    },
    "done": true
  },
  "mcwfurnitures:recipes/dark_oak/dark_oak_pult_1": {
    "criteria": {
      "has_planks": "2024-07-09 18:45:03 +0000"
    },
    "done": true
  },
  "mcwfurnitures:recipes/drawer": {
    "criteria": {
      "has_planks": "2024-07-09 18:44:32 +0000"
    },
    "done": true
  },
  "minecraft:recipes/redstone/oak_button": {
    "criteria": {
      "has_planks": "2024-07-09 18:45:05 +0000"
    },
    "done": true
  },
  "mcwfurnitures:recipes/dark_oak/dark_oak_pult_4": {
    "criteria": {
      "has_planks": "2024-07-09 18:45:03 +0000"
    },
    "done": true
  },
  "mcwfurnitures:recipes/dark_oak/dark_oak_pult_3": {
    "criteria": {
      "has_planks": "2024-07-09 18:45:03 +0000"
    },
    "done": true
  },
  "mcwfurnitures:recipes/dark_oak/dark_oak_pult_2": {
    "criteria": {
      "has_planks": "2024-07-09 18:45:03 +0000"
    },
    "done": true
  },
  "minecraft:recipes/redstone/dark_oak_pressure_plate": {
    "criteria": {
      "has_planks": "2024-07-09 18:45:11 +0000"
    },
    "done": true
  },
  "biomesoplenty:recipes/transportation/hellbark_boat": {
    "criteria": {
      "in_water": "2024-07-09 18:43:46 +0000"
    },
    "done": true
  },
  "minecraft:adventure/adventuring_time": {
    "criteria": {
      "minecraft:forest": "2024-07-09 18:49:39 +0000",
      "minecraft:mountains": "2024-07-09 18:43:33 +0000",
      "minecraft:taiga": "2024-07-09 18:48:12 +0000",
      "minecraft:desert_hills": "2024-07-09 18:48:26 +0000",
      "minecraft:desert": "2024-07-09 18:48:28 +0000",
      "minecraft:birch_forest": "2024-07-09 18:51:29 +0000",
      "minecraft:badlands": "2024-07-09 18:51:58 +0000",
      "minecraft:savanna_plateau": "2024-07-09 18:49:11 +0000",
      "minecraft:dark_forest": "2024-07-09 18:43:47 +0000",
      "minecraft:river": "2024-07-09 18:43:46 +0000",
      "minecraft:wooded_hills": "2024-07-09 18:52:19 +0000",
      "minecraft:stone_shore": "2024-07-09 18:53:15 +0000",
      "minecraft:wooded_badlands_plateau": "2024-07-09 18:52:04 +0000",
      "minecraft:savanna": "2024-07-09 18:48:23 +0000",
      "minecraft:plains": "2024-07-09 18:42:46 +0000"
    },
    "done": false
  },
  "minecraft:recipes/redstone/iron_door": {
    "criteria": {
      "has_iron_ingot": "2024-07-09 18:46:11 +0000"
    },
    "done": true
  },
  "mcwfurnitures:recipes/oak/oak_glass_desk_left": {
    "criteria": {
      "has_planks": "2024-07-09 18:44:32 +0000"
    },
    "done": true
  },
  "minecraft:recipes/decorations/barrel": {
    "criteria": {
      "has_planks": "2024-07-09 18:45:05 +0000"
    },
    "done": true
  },
  "minecraft:recipes/decorations/smithing_table": {
    "criteria": {
      "has_iron_ingot": "2024-07-09 18:46:11 +0000"
    },
    "done": true
  },
  "minecraft:recipes/redstone/oak_door": {
    "criteria": {
      "has_planks": "2024-07-09 18:45:05 +0000"
    },
    "done": true
  },
  "minecraft:recipes/transportation/jungle_boat": {
    "criteria": {
      "in_water": "2024-07-09 18:43:46 +0000"
    },
    "done": true
  },
  "mcwfurnitures:recipes/oak/oak_box_2": {
    "criteria": {
      "has_planks": "2024-07-09 18:44:32 +0000"
    },
    "done": true
  },
  "minecraft:recipes/redstone/heavy_weighted_pressure_plate": {
    "criteria": {
      "has_iron_ingot": "2024-07-09 18:46:11 +0000"
    },
    "done": true
  },
  "minecraft:recipes/transportation/dark_oak_boat": {
    "criteria": {
      "in_water": "2024-07-09 18:43:46 +0000"
    },
    "done": true
  },
  "minecraft:recipes/building_blocks/pink_wool": {
    "criteria": {
      "has_white_wool": "2024-07-09 18:47:54 +0000"
    },
    "done": true
  },
  "mcwfurnitures:recipes/dark_oak/dark_oak_plant_pot_right": {
    "criteria": {
      "has_planks": "2024-07-09 18:45:03 +0000"
    },
    "done": true
  },
  "mcwfurnitures:recipes/oak/oak_plant_pot_right": {
    "criteria": {
      "has_planks": "2024-07-09 18:44:32 +0000"
    },
    "done": true
  },
  "minecraft:recipes/decorations/lantern": {
    "criteria": {
      "has_iron_ingot": "2024-07-09 18:46:11 +0000"
    },
    "done": true
  },
  "biomesoplenty:recipes/transportation/jacaranda_boat": {
    "criteria": {
      "in_water": "2024-07-09 18:43:46 +0000"
    },
    "done": true
  },
  "endrem:main/root": {
    "criteria": {
      "old_pearl": "2024-07-09 18:46:45 +0000"
    },
    "done": true
  },
  "inventorypets:spider": {
    "criteria": {
      "crafting_table": "2024-07-09 18:50:17 +0000"
    },
    "done": true
  },
  "mcwfurnitures:recipes/oak/oak_nightstand": {
    "criteria": {
      "has_planks": "2024-07-09 18:44:32 +0000"
    },
    "done": true
  },
  "mcwfurnitures:recipes/dark_oak/dark_oak_dresser_box": {
    "criteria": {
      "has_planks": "2024-07-09 18:45:03 +0000"
    },
    "done": true
  },
  "minecraft:recipes/decorations/dark_oak_fence": {
    "criteria": {
      "has_planks": "2024-07-09 18:45:11 +0000"
    },
    "done": true
  },
  "minecraft:recipes/building_blocks/light_gray_wool": {
    "criteria": {
      "has_white_wool": "2024-07-09 18:47:54 +0000"
    },
    "done": true
  },
  "mcwfurnitures:recipes/oak/oak_glass_desk_right": {
    "criteria": {
      "has_planks": "2024-07-09 18:44:32 +0000"
    },
    "done": true
  },
  "minecraft:recipes/building_blocks/red_wool": {
    "criteria": {
      "has_white_wool": "2024-07-09 18:47:54 +0000"
    },
    "done": true
  },
  "mcwfurnitures:recipes/cabinet_door": {
    "criteria": {
      "has_planks": "2024-07-09 18:44:32 +0000"
    },
    "done": true
  },
  "minecraft:recipes/decorations/soul_campfire": {
    "criteria": {
      "has_stick": "2024-07-09 18:44:49 +0000"
    },
    "done": true
  },
  "minecraft:story/smelt_iron": {
    "criteria": {
      "iron": "2024-07-09 18:46:11 +0000"
    },
    "done": true
  },
  "mcwfurnitures:recipes/oak/oak_modern_chair": {
    "criteria": {
      "has_planks": "2024-07-09 18:44:32 +0000"
    },
    "done": true
  },
  "minecraft:recipes/food/cooked_mutton": {
    "criteria": {
      "has_mutton": "2024-07-09 18:47:57 +0000"
    },
    "done": true
  },
  "mcwfurnitures:recipes/oak/oak_chair": {
    "criteria": {
      "has_planks": "2024-07-09 18:44:32 +0000"
    },
    "done": true
  },
  "DataVersion": 2586
}